1;6;4
1;19;0
1;53;0
1;58;2
1;155;4
1;157;1
2;22;5
2;51;1
2;138;0
3;31;3
3;58;2
3;86;3
3;128;1
4;32;4
4;60;0
4;123;3
5;18;4
5;73;2
5;79;5
5;89;4
5;113;0
5;128;4
6;69;4
6;116;1
7;36;3
7;38;3
7;42;3
7;69;3
7;117;5
7;167;4
8;7;5
8;34;3
8;51;4
8;135;4
8;159;4
9;22;4
9;26;0
9;61;4
9;170;3
10;50;2
10;55;2
10;96;4
11;1;2
11;55;0
11;68;0
11;108;2
11;131;0
12;13;2
12;39;3
12;81;2
12;105;1
12;131;4
13;4;1
13;21;3
13;64;1
13;65;0
13;95;4
13;130;4
13;157;4
14;5;0
14;47;3
14;48;2
14;85;3
14;88;0
14;90;0
14;97;4
14;103;5
14;133;4
14;163;5
15;85;2
16;41;1
16;77;5
16;78;1
16;93;5
16;127;3
17;2;1
17;39;1
17;120;0
17;133;5
17;149;1
17;151;1
18;26;3
18;61;0
18;63;0
18;109;3
18;122;4
19;18;5
19;89;1
19;115;1
19;129;3
20;9;0
20;46;5
20;49;2
20;111;2
20;112;5
20;115;2
21;1;4
21;34;3
21;89;3
21;105;4
21;166;4
22;7;4
22;76;0
22;89;4
22;129;3
22;137;5
23;37;1
23;56;4
23;58;2
23;100;1
23;106;1
23;159;3
24;47;4
24;84;2
24;88;5
24;130;1
24;145;4
24;163;4
25;14;1
25;80;1
25;154;1
25;162;3
25;163;5
25;164;0
25;166;0
26;22;2
26;33;2
26;81;5
26;136;0
26;138;2
26;166;1
27;3;5
27;44;2
27;55;0
27;62;2
27;146;0
27;150;3
28;53;4
28;55;5
28;73;3
28;133;4
29;2;1
29;15;1
29;110;5
29;115;5
29;146;4
30;121;0
31;56;1
31;84;1
32;158;1
32;169;3
33;20;4
33;31;1
33;42;2
33;110;3
33;165;5
34;88;4
34;97;3
34;139;2
35;3;2
35;25;2
35;33;1
35;74;1
35;166;3
36;75;3
36;113;0
36;142;2
36;155;3
37;21;4
37;24;2
37;72;0
37;73;4
37;118;0
38;31;4
38;58;5
39;3;2
39;31;0
39;67;0
39;103;0
39;134;5
39;141;4
39;160;4
40;22;2
40;27;2
40;58;4
40;65;2
40;100;3
40;104;2
40;117;1
40;140;2
40;165;4
40;166;1
41;4;1
41;8;4
41;69;3
41;116;2
41;145;0
42;43;3
42;57;4
42;85;1
42;104;5
42;119;3
42;141;0
43;28;4
43;84;4
43;117;0
43;132;3
43;167;3
44;84;1
45;12;4
45;54;2
46;125;2
46;162;2
47;28;4
47;45;4
47;85;5
47;138;3
47;155;2
47;160;5
47;165;2
48;120;5
48;125;5
49;70;4
49;114;0
49;140;1
50;6;3
50;23;0
50;120;4
50;145;1
50;155;5
50;165;1
50;168;4
51;19;4
51;45;0
51;128;4
51;170;4
52;49;0
52;73;0
52;87;2
52;143;1
52;165;1
53;66;3
53;77;5
53;104;0
53;141;2
53;157;4
53;162;4
54;64;5
54;93;4
54;98;5
54;100;5
54;133;1
55;12;4
55;12;1
55;29;3
55;30;2
55;68;1
55;125;3
56;2;3
56;16;3
56;31;4
56;32;1
56;53;2
56;94;0
56;116;3
57;3;1
57;8;3
57;28;1
57;31;1
57;36;2
57;57;5
57;165;0
58;30;4
58;41;0
58;76;3
58;109;5
58;146;4
58;151;1
59;1;3
59;9;4
59;64;3
59;85;0
59;94;0
59;128;3
59;136;4
60;3;4
60;78;0
60;87;0
60;97;4
60;140;4
61;46;4
61;63;2
61;70;3
61;76;1
61;98;4
61;168;4
62;36;4
62;94;4
62;103;4
63;24;1
63;29;4
63;92;4
63;107;4
63;135;3
64;26;1
64;51;4
64;79;3
64;89;5
64;116;5
64;157;4
65;7;2
65;61;3
65;69;5
65;116;0
65;131;5
65;134;5
66;43;3
66;115;2
66;159;0
66;169;2
67;86;4
67;109;1
68;35;5
68;88;4
68;125;1
68;160;4
69;11;4
69;14;0
69;56;4
69;164;4
70;6;4
70;39;3
70;78;3
70;90;5
70;119;1
70;127;2
70;128;1
70;133;4
70;144;1
70;148;4
70;164;4
70;168;1
70;170;1
71;4;1
71;132;3
71;134;0
71;146;3
72;53;5
72;63;4
72;122;0
72;144;1
73;9;4
73;13;3
73;28;5
73;48;4
73;60;3
73;64;3
73;79;3
73;107;5
73;128;4
74;4;0
74;13;5
74;57;0
74;74;3
74;86;4
74;99;4
74;102;5
74;166;2
75;71;1
75;80;2
75;88;3
75;89;3
75;138;2
76;15;0
76;96;3
76;118;4
76;166;4
77;58;4
77;94;0
77;100;0
77;151;2
77;168;0
78;48;3
78;69;5
78;70;0
78;98;3
78;150;1
79;29;1
79;37;1
79;55;3
79;86;0
79;137;2
80;24;2
80;46;5
80;90;1
80;146;0
81;92;0
81;117;4
81;127;0
81;128;1
82;97;3
83;17;4
83;65;4
83;107;4
84;11;4
84;21;5
84;24;0
84;37;3
84;60;5
84;106;5
85;13;3
85;76;1
85;131;4
85;163;4
86;54;1
86;121;5
86;162;3
86;165;4
87;42;0
87;55;0
87;62;2
87;108;3
88;32;5
88;44;2
88;104;5
88;107;2
88;125;2
88;131;1
88;150;2
89;38;2
89;124;2
89;144;2
89;158;5
89;160;5
90;120;2
91;28;2
91;44;4
91;106;4
91;122;0
91;126;4
91;154;5
91;157;4
92;81;5
93;28;3
93;65;0
93;99;3
93;114;5
93;124;3
93;133;5
94;13;5
94;42;0
94;57;2
94;85;3
94;103;1
94;105;4
95;20;2
95;50;3
95;58;0
95;127;2
95;131;3
95;135;5
96;8;3
96;31;4
96;83;1
96;97;3
96;103;0
96;126;3
96;128;2
97;45;0
97;60;0
97;65;0
97;118;5
97;128;3
98;94;3
98;119;2
98;125;2
99;2;5
99;22;2
99;25;2
99;40;3
99;54;3
99;62;4
99;75;3
100;26;1
100;60;2
100;64;3
100;99;1
100;161;5
101;33;1
101;63;3
101;82;0
101;110;4
101;137;4
101;156;2
102;48;0
102;85;4
102;131;5
102;134;3
102;143;5
102;151;2
103;30;4
103;42;1
103;79;2
103;101;3
103;109;1
103;167;3
104;18;0
104;49;4
104;76;2
104;125;0
104;126;3
104;133;3
105;40;1
105;49;2
105;73;1
105;122;2
105;125;2
105;129;5
106;11;2
106;87;3
106;109;3
106;162;2
107;89;2
107;113;5
107;115;5
107;162;3
107;164;2
107;168;0
108;100;0
109;39;0
109;51;0
109;148;0
110;68;0
110;107;5
110;127;4
110;169;1
111;25;3
111;36;1
111;52;1
111;69;1
111;80;3
112;84;2
112;146;2
112;151;4
113;30;2
113;53;2
113;100;1
113;103;0
113;109;5
114;29;2
114;56;4
114;81;2
114;96;0
114;119;5
114;155;0
115;20;4
115;32;5
115;43;0
115;50;5
115;51;2
115;60;2
115;73;1
115;85;1
115;117;2
115;127;4
116;12;2
116;82;1
116;111;1
116;127;0
116;128;4
116;141;4
116;159;3
117;2;4
117;9;4
117;36;4
117;79;3
117;94;4
117;152;2
118;24;5
118;26;1
118;66;4
118;103;3
118;106;2
118;170;4
119;154;5
120;11;3
120;25;2
120;79;3
120;167;3
120;170;5
121;22;2
121;34;5
121;46;2
121;57;2
121;89;0
121;119;3
121;137;1
122;18;3
122;121;1
122;128;4
123;45;1
123;52;0
123;98;5
123;131;4
123;134;4
124;60;1
124;97;5
124;115;1
124;125;2
124;127;1
124;138;0
125;32;0
125;33;5
125;81;2
125;105;5
125;170;1
126;130;5
126;136;4
126;142;0
126;143;1
127;2;0
127;14;2
127;29;1
127;71;2
127;77;4
127;79;2
127;93;1
127;103;2
127;109;5
127;139;1
127;149;1
128;26;3
128;39;0
128;50;4
128;62;3
128;67;1
128;74;3
128;89;4
129;34;0
129;90;2
129;94;2
129;157;2
129;160;5
130;18;1
130;75;1
130;105;1
131;31;0
131;50;1
131;80;4
131;93;2
131;148;3
131;156;2
132;23;5
133;50;3
133;84;4
133;123;3
134;27;2
134;48;0
134;65;1
134;101;4
134;128;0
134;150;1
134;152;5
134;155;3
135;43;4
135;47;1
135;54;1
135;86;0
135;102;1
135;167;0
136;7;4
136;27;5
136;32;1
136;36;1
136;85;5
136;90;5
137;72;5
137;75;5
137;119;5
137;134;3
137;136;5
137;157;4
138;29;3
139;17;2
139;53;0
139;74;1
139;79;0
139;81;3
139;109;3
139;157;2
140;42;0
140;106;2
140;127;3
141;3;2
141;118;3
141;160;2
142;62;2
142;68;1
142;71;3
142;96;2
142;100;1
142;116;2
143;57;3
143;71;2
143;71;4
143;86;4
143;105;3
143;116;0
143;151;5
144;42;1
144;53;4
144;62;3
144;145;4
144;152;1
145;43;3
145;55;4
145;62;3
145;78;0
145;98;4
145;130;4
145;150;3
146;52;3
146;58;0
146;63;0
146;166;0
147;45;2
147;87;5
147;92;5
147;154;4
148;5;2
148;34;1
148;43;5
148;92;1
148;109;0
148;160;0
149;66;5
149;94;4
149;98;5
149;128;0
150;15;2
150;41;1
150;47;3
150;52;3
150;126;1
150;151;2
151;18;3
151;24;1
151;56;0
151;61;4
151;68;4
151;110;2
151;127;3
152;132;5
153;77;0
153;97;1
153;104;2
153;163;2
154;6;3
154;61;0
154;121;4
154;155;2
154;164;4
155;166;5
156;29;5
156;36;1
156;40;4
156;52;5
156;100;0
156;100;4
156;139;2
157;1;4
157;25;0
157;60;4
157;149;5
158;76;4
158;148;0
159;33;4
159;79;2
159;114;0
160;13;4
160;19;3
160;62;3
160;91;5
160;142;1
161;29;1
161;112;3
161;126;1
161;143;3
162;46;4
162;70;3
162;114;5
162;136;0
162;156;4
163;9;0
163;19;0
163;60;1
163;86;2
163;113;0
163;143;1
164;30;5
164;39;2
164;44;4
164;64;3
164;124;2
164;138;5
164;150;1
165;29;4
165;39;0
165;86;2
165;95;5
165;96;3
165;125;2
165;138;3
165;162;1
166;42;0
166;46;0
166;57;2
166;92;3
166;142;5
166;145;3
166;157;5
167;6;0
167;81;3
167;103;2
167;152;1
168;52;2
168;63;5
168;65;1
168;85;2
168;103;5
169;93;5
170;147;3
170;155;2
171;1;0
171;32;5
171;110;5
171;136;4
171;138;4
171;153;3
171;165;2
172;21;1
173;46;0
173;91;4
173;160;1
174;25;2
174;74;5
174;107;3
174;147;2
175;8;1
175;35;4
175;46;0
175;67;0
175;107;0
175;137;1
175;140;2
175;170;0
177;21;4
177;62;5
177;119;4
177;152;4
178;7;5
178;16;2
178;76;1
178;81;3
180;12;2
180;57;3
180;168;2
181;16;5
181;27;2
181;49;4
181;53;3
181;90;1
181;111;2
181;127;4
181;131;1
182;39;3
182;86;2
183;115;1
183;143;5
183;168;3
184;1;0
184;31;4
184;135;4
185;124;2
185;161;1
185;165;2
186;15;4
186;91;4
186;145;2
187;81;3
187;87;2
187;135;1
188;7;3
188;102;1
188;125;5
188;144;5
188;163;3
189;30;4
189;56;1
189;76;4
189;79;4
189;98;5
189;114;3
189;148;0
189;165;5
190;10;2
190;46;5
190;96;3
191;21;5
191;24;0
191;80;4
191;90;4
191;93;4
191;111;4
192;8;5
192;27;5
192;40;0
192;63;5
192;114;3
193;1;3
193;21;5
193;53;1
193;56;0
193;67;4
193;121;0
194;4;5
194;23;2
194;48;4
194;68;3
194;92;4
194;102;1
194;121;0
194;144;2
195;5;5
195;37;4
195;40;1
195;88;0
195;118;2
195;168;4
195;170;1
196;35;5
196;55;0
197;14;5
197;44;2
197;46;4
197;69;3
197;80;2
197;87;1
197;124;5
198;13;0
198;47;2
198;56;3
198;66;4
198;117;4
198;136;4
198;137;0
199;21;0
199;39;1
199;45;3
199;69;5
199;94;1
199;130;5
200;13;5
200;24;0
200;45;3
200;66;4
200;76;2
200;145;0
201;19;5
201;33;4
201;141;1
202;117;5
202;129;5
203;6;0
203;21;1
203;86;0
203;96;3
203;165;1
204;6;1
204;16;0
204;32;2
204;53;0
204;70;3
204;74;0
204;83;5
204;105;3
204;131;3
204;146;0
204;170;0
205;3;5
205;9;5
205;51;1
205;168;2
206;8;5
206;13;1
206;95;1
206;136;2
206;153;3
206;169;4
207;20;3
207;35;2
207;73;0
207;138;0
207;154;1
208;29;5
208;139;1
208;146;2
208;154;5
208;167;1
209;53;4
209;83;5
209;93;3
209;101;5
209;129;3
209;130;2
209;161;3
210;9;0
210;37;1
210;45;1
210;64;2
210;162;0
211;20;2
211;81;4
211;170;3
212;38;4
212;50;1
212;74;5
212;81;3
212;92;2
212;108;1
213;1;4
213;83;1
213;111;2
214;3;0
214;30;3
214;126;3
214;129;0
214;157;3
215;2;1
215;19;2
215;20;3
215;94;2
215;122;1
215;143;0
215;158;4
216;34;1
216;98;1
217;97;0
217;101;4
218;51;0
218;58;4
218;133;4
218;149;0
218;160;2
219;23;2
219;40;5
219;77;2
219;100;2
219;131;3
219;132;1
219;155;1
219;166;4
220;12;5
220;56;1
220;57;0
220;72;0
221;25;4
221;31;5
221;77;0
221;109;1
221;129;1
221;159;2
221;165;0
222;40;4
222;47;2
222;85;4
223;11;4
223;36;1
223;43;2
223;78;1
223;94;5
224;26;0
224;34;2
224;91;2
224;100;5
224;162;3
224;168;0
225;1;2
225;15;1
225;51;4
225;135;5
226;40;2
226;45;3
226;60;3
226;111;5
226;112;2
226;156;2
227;10;0
227;81;3
227;110;1
227;134;2
228;33;0
228;75;3
229;38;0
229;61;5
229;66;0
229;109;0
230;2;3
230;10;0
230;49;0
230;91;3
230;137;5
231;30;0
231;78;5
231;81;1
231;124;4
232;54;3
232;126;2
232;148;2
232;150;1
233;21;1
233;30;3
233;47;0
233;69;1
233;79;3
233;113;1
234;43;5
234;91;0
234;99;1
234;160;5
235;7;4
235;30;2
235;75;4
235;109;1
235;122;5
236;13;1
236;35;2
236;52;3
236;107;3
237;11;1
237;14;3
237;59;0
237;104;1
237;141;0
238;64;4
238;134;4
238;145;1
238;155;4
239;49;3
239;60;5
239;69;2
239;83;2
239;126;5
239;144;0
240;25;5
240;104;0
240;121;0
241;21;5
241;23;5
241;45;4
241;98;4
241;102;2
241;148;1
242;12;0
242;85;2
242;118;3
242;126;3
242;151;0
243;108;1
243;141;4
243;161;3
244;112;4
244;126;2
244;146;4
245;53;4
245;54;4
245;59;1
245;88;5
245;95;1
245;112;2
245;127;2
245;131;1
245;158;0
246;13;2
246;26;4
246;64;5
246;98;0
246;113;4
246;143;0
246;161;1
247;24;4
247;57;5
247;79;0
247;123;3
248;22;4
248;107;4
248;141;5
249;38;3
249;116;1
249;168;2
250;24;3
250;30;0
250;53;0
250;113;5
251;128;4
252;15;0
252;54;1
252;70;0
252;86;1
252;133;1
253;4;5
253;11;4
253;79;3
253;98;5
253;160;0
254;56;2
254;116;5
254;154;4
255;9;3
255;26;3
255;34;4
255;37;1
255;119;4
255;132;0
255;143;1
256;3;2
256;17;0
256;102;5
256;163;1
256;169;0
257;17;0
257;24;1
257;53;5
257;57;1
257;76;5
257;85;0
257;101;3
257;108;0
257;126;2
257;157;5
257;162;0
258;1;5
258;18;2
258;44;1
258;146;4
258;152;1
259;5;0
259;52;1
259;75;2
259;77;4
259;117;3
259;156;2
259;162;1
260;16;5
260;88;3
260;114;3
260;121;0
260;128;0
260;131;0
260;151;0
260;152;3
261;34;4
261;47;4
261;150;3
262;32;2
262;57;0
262;78;1
262;90;2
263;48;2
263;50;0
263;77;0
263;79;3
263;92;2
263;113;5
264;18;2
264;46;2
264;63;3
264;85;2
264;94;0
264;97;2
264;127;3
264;152;1
265;39;5
265;68;3
265;90;1
266;20;1
266;26;0
266;48;3
266;66;0
266;75;3
266;79;2
266;83;3
266;89;1
266;158;0
266;163;4
267;13;5
267;51;0
267;101;0
267;127;4
267;148;1
268;64;0
268;81;0
268;82;5
268;109;5
268;110;5
269;55;2
269;101;4
269;117;1
269;160;2
270;63;2
270;64;0
270;74;1
270;81;0
270;112;4
271;88;1
271;160;4
271;167;2
272;37;5
272;105;4
272;125;5
272;157;1
273;30;2
273;60;3
273;130;2
273;139;3
274;11;5
274;81;2
275;16;3
275;55;0
275;75;4
275;84;3
275;96;4
275;141;0
275;167;1
276;15;3
276;18;2
276;145;2
277;9;2
277;50;4
277;54;1
277;68;2
277;69;3
277;87;2
278;15;0
278;18;2
278;91;5
278;130;1
278;146;2
278;148;4
278;152;0
279;86;1
279;91;0
279;94;2
280;60;1
281;57;3
281;75;0
281;82;0
281;95;2
281;96;4
281;154;4
281;163;5
281;170;0
282;39;1
282;59;4
282;65;1
282;70;5
282;87;1
282;103;5
282;146;5
283;114;1
283;123;5
284;106;5
284;119;1
284;149;1
284;161;2
285;18;1
285;81;0
285;92;0
285;106;2
285;160;3
286;62;1
286;68;4
287;50;0
287;73;3
287;106;3
287;109;1
287;115;2
287;157;5
287;158;4
287;164;0
288;15;4
288;42;2
288;58;2
288;75;1
288;137;2
288;154;3
289;8;1
289;14;3
289;67;1
289;75;3
289;98;5
289;101;2
289;140;2
290;4;4
290;35;3
290;46;4
290;59;5
290;143;0
291;8;0
291;21;2
291;97;1
291;105;4
292;32;0
292;61;1
292;66;4
292;96;2
292;162;0
292;164;3
293;24;2
293;38;0
293;99;1
293;123;3
293;132;2
294;11;3
294;24;4
294;40;1
294;70;1
294;110;2
294;137;2
295;2;4
295;14;5
295;53;5
295;163;5
296;50;5
296;119;0
296;154;5
297;20;3
297;34;3
297;48;1
297;71;4
298;1;3
298;43;4
298;64;0
298;71;5
298;85;1
298;109;5
298;119;1
299;6;1
299;38;0
299;110;0
299;151;1
300;54;2
300;61;0
300;75;0
300;94;1
300;109;5
300;124;5
300;129;4
301;18;5
301;29;1
301;78;1
301;155;5
302;22;4
302;53;5
302;59;4
302;101;2
303;89;5
303;95;1
303;117;1
303;169;2
304;11;3
304;39;2
304;48;5
304;96;5
304;119;0
304;123;3
304;139;0
305;51;5
305;62;0
305;86;5
305;116;1
306;19;5
306;25;4
306;27;2
306;89;1
306;162;2
307;8;3
307;25;4
307;43;2
307;97;0
307;118;5
307;140;1
307;147;1
307;166;0
308;14;5
308;31;3
308;49;4
308;84;1
308;120;1
308;122;2
308;159;3
309;22;2
309;35;2
309;48;1
309;136;5
310;14;4
310;34;1
310;35;2
310;121;4
310;153;4
311;85;5
311;98;1
311;100;4
311;131;5
312;67;2
312;112;2
313;139;0
314;7;0
314;20;3
314;56;4
314;125;0
314;162;0
314;165;0
315;44;4
315;84;0
315;89;0
315;91;0
315;102;3
315;132;3
315;160;3
315;165;3
316;145;1
317;27;0
317;36;0
317;47;1
318;56;3
318;57;5
318;60;5
318;113;3
319;108;5
319;109;4
319;115;4
320;4;3
320;26;5
320;33;1
320;89;4
320;114;2
320;141;0
321;4;3
321;20;1
321;53;1
321;102;5
321;103;3
321;115;2
321;165;1
322;8;2
322;60;2
322;68;5
322;87;5
322;122;0
322;159;5
323;37;2
323;39;1
323;117;5
324;59;4
324;69;1
324;77;5
324;94;5
324;111;5
324;112;5
324;137;3
324;161;2
325;35;1
325;40;0
325;77;0
326;8;0
326;9;5
326;57;4
326;91;1
326;134;1
326;146;2
326;166;2
327;9;3
327;18;5
327;27;3
327;37;5
327;55;1
327;72;5
327;121;2
327;127;2
327;154;5
328;128;3
329;60;1
329;119;2
329;120;2
329;139;2
329;159;5
330;11;5
330;32;4
330;154;1
331;73;2
331;100;3
331;127;0
331;141;5
331;154;1
331;166;2
331;169;4
332;9;0
332;28;5
332;33;1
332;52;2
332;64;3
332;155;2
333;50;0
333;142;2
333;158;3
334;29;5
334;56;1
334;81;5
334;91;3
334;98;0
335;53;2
335;96;2
336;10;4
336;28;5
336;35;2
336;43;2
336;100;1
336;162;4
337;17;2
337;77;2
337;78;2
337;118;2
338;1;5
338;29;3
338;33;3
338;90;2
338;136;4
338;169;2
339;78;3
339;110;4
339;143;5
339;165;1
340;44;5
340;55;2
340;67;4
340;104;3
340;131;2
341;21;4
341;36;1
341;140;1
341;158;2
342;10;4
342;12;3
342;39;3
342;40;1
342;72;5
342;76;1
342;84;0
342;100;2
342;152;3
343;6;1
343;114;2
343;164;1
344;40;4
344;67;3
344;93;1
345;52;0
345;65;5
345;84;0
345;98;2
345;136;3
345;160;3
346;38;5
346;83;3
346;131;3
346;152;1
346;157;5
347;5;2
347;7;0
347;57;5
347;105;4
347;115;2
347;151;5
347;158;3
348;12;0
348;51;2
348;86;3
348;93;3
348;144;0
348;153;0
349;28;1
349;50;0
349;66;1
349;115;5
349;157;0
349;166;3
350;4;1
350;12;2
350;29;1
350;42;1
350;57;5
350;122;3
350;124;5
350;170;4
351;5;3
351;74;1
351;102;0
351;103;5
351;147;1
352;47;4
352;70;1
352;116;2
352;163;0
353;5;3
353;7;3
353;79;1
353;84;1
354;17;3
354;24;5
354;42;4
354;50;1
354;169;4
355;55;1
355;62;3
355;91;3
355;156;0
356;5;1
356;117;1
357;26;3
357;40;5
357;56;2
357;72;3
357;94;0
357;117;2
357;122;2
357;123;5
357;153;2
358;31;1
358;61;3
358;76;4
358;81;1
358;132;5
358;145;5
359;10;0
359;28;4
359;40;1
359;45;2
359;58;5
359;86;1
359;93;5
359;102;5
359;109;3
359;113;2
360;83;5
360;113;5
360;136;4
361;12;2
361;70;3
361;103;4
361;110;2
361;134;3
361;167;5
362;74;5
362;75;0
362;122;1
363;35;0
363;89;1
363;155;0
364;12;0
364;17;3
364;47;3
364;59;2
364;60;1
364;76;0
364;133;5
365;17;4
365;27;2
365;76;4
365;138;5
366;3;3
366;73;3
366;125;5
367;23;4
367;94;1
368;35;4
368;58;4
368;79;0
368;118;1
368;128;3
368;137;3
369;33;3
370;2;5
370;5;1
370;24;5
370;85;4
370;95;2
371;145;2
372;5;3
372;33;0
372;35;1
372;63;5
372;109;5
372;113;3
372;140;3
373;9;4
373;51;5
373;70;2
373;155;1
373;170;0
374;36;2
374;75;1
374;132;4
374;137;3
374;165;1
375;72;5
375;86;4
375;128;2
375;150;1
375;155;0
376;9;3
376;73;4
376;127;1
376;152;5
376;161;2
377;69;0
377;112;0
377;132;0
377;142;0
378;14;4
378;43;5
378;59;2
378;141;5
378;150;3
379;6;5
379;38;2
379;49;4
379;125;2
379;130;0
380;6;5
380;42;0
380;142;1
381;50;3
381;54;0
381;58;5
381;69;0
381;71;4
381;161;5
382;45;1
382;77;4
382;92;2
382;93;3
382;108;3
383;61;3
383;67;4
383;119;4
383;133;1
383;148;5
383;156;2
384;19;5
384;36;3
384;49;4
384;56;4
384;66;3
384;81;2
384;118;5
385;22;5
385;98;2
385;120;3
385;169;4
386;106;5
387;4;2
387;7;0
387;77;3
387;90;5
387;129;0
387;166;2
387;167;2
388;69;5
388;95;4
388;98;5
388;105;5
389;28;1
389;66;4
389;104;2
389;145;4
390;48;2
391;47;5
391;131;5
391;157;4
391;170;1
392;105;5
392;107;2
392;108;4
393;19;3
393;110;5
393;117;2
393;136;0
393;154;3
394;20;0
394;99;0
394;123;4
395;138;5
396;82;3
396;95;3
396;97;3
396;111;3
396;152;2
397;71;2
397;94;4
397;107;4
398;6;3
398;19;2
398;24;3
398;125;2
398;140;4
398;168;4
399;50;3
399;59;1
399;62;3
399;69;2
400;11;0
400;42;5
400;84;4
400;86;2
400;115;5
400;152;5
400;158;3
401;11;5
401;83;5
401;161;4
402;43;3
402;140;0
402;162;2
403;16;1
403;23;3
403;29;3
403;78;5
403;91;1
403;93;2
403;111;1
403;134;4
403;143;3
404;8;5
404;128;4
405;35;3
405;41;0
405;42;4
405;52;0
405;103;3
405;116;1
406;6;3
406;21;2
406;80;3
406;139;2
406;147;2
407;32;4
407;43;3
407;52;0
407;53;2
407;61;2
407;99;3
407;116;1
407;124;0
407;145;5
407;150;5
407;162;4
408;12;4
408;15;4
408;50;4
408;58;4
408;98;5
408;137;5
408;146;0
409;71;3
409;72;5
409;78;3
409;108;1
409;113;2
409;117;2
410;83;4
410;148;0
410;158;1
411;4;1
411;49;5
411;108;3
411;134;1
412;5;5
412;11;2
412;14;1
412;27;2
412;77;1
412;106;5
413;28;5
413;56;1
413;77;1
413;99;3
413;117;1
413;164;4
414;50;2
414;58;1
414;65;3
414;87;0
414;129;3
415;25;3
415;28;1
415;40;3
415;46;1
415;61;5
415;139;0
416;73;5
416;138;3
416;158;3
417;3;3
417;140;3
418;9;3
418;43;1
418;52;2
418;63;4
418;128;0
418;138;2
418;141;3
419;30;1
419;74;3
420;34;3
420;83;0
420;85;1
420;96;2
420;129;5
420;131;4
420;157;1
422;1;1
422;7;2
422;35;1
422;50;2
422;120;0
422;138;5
423;37;0
423;88;2
423;91;0
423;148;4
424;5;4
424;38;2
424;48;2
424;90;2
424;95;3
424;156;3
425;32;2
425;55;0
425;143;2
425;145;5
426;2;3
426;122;2
427;12;1
428;15;5
428;21;3
428;86;3
428;123;0
428;141;0
429;47;2
429;53;1
429;55;2
429;56;3
429;61;1
429;86;4
429;90;2
429;139;0
430;9;2
430;18;5
430;20;4
430;36;2
430;49;5
430;133;3
431;32;3
431;65;2
431;114;0
431;126;2
431;143;1
432;4;0
432;109;4
432;130;4
432;163;5
433;18;2
433;141;4
433;143;2
433;160;1
434;5;1
434;13;3
434;53;0
434;102;4
434;118;0
434;144;4
434;157;5
435;15;0
435;26;0
435;52;4
435;61;5
435;77;4
435;95;1
435;119;3
435;164;5
436;46;1
436;71;2
436;73;1
436;165;3
437;81;5
437;113;4
437;141;5
438;14;4
438;21;5
438;91;4
438;110;3
438;149;2
439;3;5
439;7;2
439;63;4
439;72;1
439;84;3
439;86;3
439;97;1
439;117;5
439;119;5
439;143;0
440;17;1
440;95;3
440;101;3
440;109;4
440;134;4
440;165;4
441;19;1
441;30;2
441;64;2
441;112;1
442;24;0
442;60;0
443;7;2
443;12;5
443;41;1
443;65;1
443;109;4
443;143;4
444;11;5
444;64;0
444;89;3
445;24;2
445;50;1
445;83;4
445;98;1
445;112;2
445;116;4
445;167;4
445;168;3
446;10;1
446;51;4
446;121;3
447;6;1
447;26;0
447;84;4
447;152;0
448;34;3
448;60;5
448;61;5
448;108;1
448;115;5
448;123;2
448;149;4
449;41;1
449;43;1
449;63;5
449;74;3
449;119;0
449;168;1
450;17;0
450;29;3
450;67;4
450;80;0
450;98;2
450;105;3
450;112;2
450;159;3
450;161;3
451;4;2
451;132;4
452;52;2
452;132;2
452;145;5
452;152;2
453;21;3
453;44;2
454;1;0
454;103;5
454;119;0
454;134;0
455;6;5
455;87;4
455;143;3
456;25;5
456;29;1
456;60;0
456;63;4
456;77;1
456;150;4
457;32;5
457;49;2
457;74;0
457;75;4
457;142;5
458;1;0
458;154;0
459;35;4
459;43;3
459;73;0
459;102;0
459;140;5
459;146;0
459;159;1
460;54;0
460;97;0
460;118;4
461;5;1
461;32;0
461;83;4
461;143;0
462;5;4
462;20;5
462;46;1
462;74;0
462;82;5
462;100;2
462;120;0
463;54;4
463;61;5
463;66;5
463;106;1
463;140;2
464;8;1
464;61;5
464;74;5
464;77;0
464;133;0
464;145;1
465;4;4
465;28;0
465;33;2
465;108;2
465;145;3
466;1;2
466;9;5
466;46;4
466;53;0
466;115;3
466;154;0
467;25;3
467;121;0
467;156;2
467;164;4
468;37;1
468;57;3
468;66;0
468;91;4
468;104;2
468;134;0
468;159;2
469;10;1
469;13;2
469;17;2
469;56;4
469;61;2
469;82;5
469;110;3
469;115;1
469;147;3
471;14;0
471;38;3
471;55;1
471;65;1
471;93;4
471;125;0
472;85;5
472;134;4
472;149;0
472;151;2
472;163;0
473;25;0
473;56;4
473;103;4
473;140;2
473;158;5
474;1;4
474;2;5
474;34;5
474;36;4
474;44;1
474;55;1
474;83;3
474;85;0
474;90;2
474;92;4
474;141;3
474;152;5
474;161;1
475;2;4
475;33;1
475;76;2
475;124;0
475;128;0
475;149;5
475;157;2
475;166;4
476;47;5
476;54;4
476;156;5
477;44;5
477;65;1
477;87;4
477;101;1
477;108;5
477;110;4
477;162;2
478;52;3
478;129;1
478;159;1
478;162;5
479;91;5
479;107;5
479;150;0
479;169;4
481;7;2
481;62;4
481;80;5
481;89;1
481;111;3
481;135;0
481;151;2
482;41;5
482;75;1
482;85;5
482;91;0
482;104;5
482;116;0
482;124;4
483;101;3
483;107;3
483;146;3
484;7;4
484;10;4
484;71;1
484;93;2
484;143;4
484;144;4
484;145;3
484;146;1
485;44;5
485;58;3
485;100;0
485;128;3
485;158;4
485;165;1
486;10;4
486;12;1
486;157;1
487;60;1
487;73;2
487;86;3
487;168;2
488;80;0
488;111;5
488;166;3
489;32;1
489;52;2
489;58;4
489;82;4
489;108;0
489;110;1
489;131;2
490;31;5
490;56;5
490;73;0
490;74;4
490;155;4
490;156;5
490;160;4
491;57;4
491;88;3
491;89;3
491;99;1
491;109;3
491;170;5
492;60;2
492;71;0
492;100;3
492;107;2
492;135;1
493;25;1
493;32;3
493;51;1
493;86;4
493;161;3
494;11;3
494;41;0
494;132;0
495;2;5
495;29;4
495;36;5
495;75;2
495;102;3
495;105;4
495;124;2
496;20;3
496;43;0
496;50;0
496;92;4
496;114;0
496;133;1
497;10;4
497;30;5
497;46;4
497;68;4
497;97;3
497;154;5
498;77;4
498;90;3
498;103;3
498;110;5
498;115;0
498;126;5
499;50;4
499;58;0
499;139;0
499;144;4
499;148;1
499;163;3
500;53;0
500;99;3
501;8;4
501;95;2
501;161;3
501;163;4
501;168;1
502;8;1
502;17;4
502;126;0
502;132;0
502;134;2
503;9;4
503;11;1
503;21;2
503;75;2
503;116;2
504;27;2
504;30;4
504;56;4
504;96;2
504;112;2
504;128;0
505;25;5
505;65;4
505;83;2
506;5;0
506;27;3
506;67;2
506;80;4
506;82;4
506;88;5
506;128;5
506;157;4
507;36;1
507;43;4
507;46;3
507;121;3
507;166;2
508;106;4
508;120;5
508;162;4
509;15;5
509;106;1
510;10;5
510;38;3
510;56;0
510;62;3
510;101;5
510;162;0
511;8;0
511;57;0
511;82;5
511;122;4
511;131;2
511;167;4
512;28;0
512;52;3
512;56;3
512;140;5
513;34;3
513;64;1
513;87;5
513;90;3
513;112;0
513;150;5
514;30;1
514;42;2
514;50;1
514;107;1
514;148;5
515;71;3
515;121;4
515;123;4
516;2;1
516;46;1
516;47;1
516;79;2
516;123;1
516;140;3
516;147;0
517;13;5
517;56;5
517;84;1
517;123;5
517;156;4
517;163;1
518;33;1
518;76;2
518;93;1
518;113;5
518;121;4
518;145;0
518;147;1
518;149;2
518;155;2
519;5;3
519;21;2
519;108;3
519;127;4
520;13;1
520;93;3
520;142;1
520;162;4
521;3;3
521;10;3
521;18;4
521;21;0
521;41;5
521;71;3
521;100;2
521;111;4
521;120;4
522;13;2
522;61;5
522;71;1
522;100;1
522;106;2
522;120;2
522;142;0
522;147;1
523;44;5
523;132;3
524;69;1
524;77;3
524;88;0
524;104;3
524;110;5
525;15;3
525;28;3
525;145;0
526;117;2
526;152;5
527;3;3
527;12;3
527;73;4
527;124;3
528;18;5
528;45;3
528;86;1
528;96;2
528;118;5
528;124;3
528;126;0
528;136;3
529;10;4
529;13;2
529;51;0
529;61;0
529;68;5
529;118;0
530;55;2
530;62;4
530;130;1
531;20;1
531;39;2
531;53;0
531;61;1
531;97;3
531;128;1
531;132;0
531;170;3
532;28;1
532;45;3
532;111;2
532;163;4
533;3;1
533;4;0
533;18;2
533;57;5
533;79;3
533;128;4
534;4;5
534;12;1
534;25;2
534;44;3
534;50;0
535;18;1
535;35;2
535;125;5
535;144;1
535;152;3
535;155;1
535;160;2
536;12;5
536;26;3
536;90;0
536;97;4
536;132;1
536;142;4
537;11;0
537;53;4
537;79;4
537;87;0
537;146;1
538;40;0
538;46;5
539;8;4
539;11;2
539;14;5
539;139;2
539;140;2
539;150;4
540;5;3
540;54;2
540;153;3
541;20;1
541;124;3
542;22;5
542;40;0
542;45;0
542;120;5
542;137;0
543;34;0
543;46;2
543;83;0
543;162;1
544;13;4
544;15;4
544;42;0
544;84;0
544;98;0
544;133;0
544;149;1
544;156;4
545;1;3
545;12;0
545;16;4
545;41;1
545;69;3
545;89;4
545;91;0
545;110;5
545;164;5
546;18;3
546;31;1
546;141;5
546;142;1
547;17;2
547;35;4
547;58;0
547;70;2
547;86;5
547;92;1
547;105;1
547;165;4
548;71;1
548;78;2
548;149;1
548;161;0
549;33;5
549;52;1
549;55;5
549;74;0
549;147;0
550;12;4
550;26;3
550;57;0
550;116;5
550;130;1
550;157;1
551;20;0
551;43;2
551;52;5
551;72;0
551;90;5
551;105;3
551;132;2
552;138;5
553;15;0
553;73;1
553;86;2
553;119;2
554;111;1
554;122;2
554;134;0
555;8;5
555;29;3
555;33;0
555;34;3
555;50;2
555;109;5
556;8;2
556;13;0
556;43;1
556;51;2
556;82;2
556;112;5
556;113;4
556;169;2
557;11;0
557;22;4
557;33;2
557;69;5
557;75;2
557;94;3
557;95;2
557;99;1
557;149;3
557;164;3
558;21;0
558;43;3
558;95;3
558;118;1
559;23;5
559;25;3
559;67;1
559;162;4
560;16;1
560;50;0
560;58;5
560;85;5
560;98;2
560;118;3
560;159;4
560;163;3
561;18;1
561;31;4
561;98;3
561;101;5
561;111;2
562;35;0
562;41;4
562;47;0
562;80;5
562;101;5
562;124;5
562;168;0
562;170;1
563;1;5
563;17;3
563;54;1
563;75;1
563;101;4
563;118;2
564;18;1
564;33;0
564;45;0
564;118;5
564;130;3
564;134;0
564;162;1
565;61;5
565;86;4
565;101;5
565;118;4
566;25;4
566;42;2
566;123;4
566;128;0
566;141;0
567;11;5
567;71;1
567;110;5
567;126;5
567;153;4
568;4;4
568;149;1
568;152;0
569;74;1
569;82;0
569;134;0
570;22;0
570;55;5
570;62;3
570;85;5
570;92;4
570;112;3
570;128;0
571;8;5
571;11;1
571;22;4
571;40;5
571;63;2
571;102;5
571;117;4
572;13;1
572;22;5
572;75;1
572;76;3
572;91;3
573;48;2
573;63;2
573;120;2
573;138;1
574;127;2
574;137;2
575;56;1
575;78;0
575;111;4
575;113;1
575;144;5
575;150;3
576;29;4
576;46;5
576;58;1
577;47;5
577;92;5
577;114;1
577;126;1
577;165;5
578;29;1
578;78;0
578;106;0
578;109;0
578;122;5
578;123;3
579;34;4
579;52;3
579;109;0
579;147;5
580;11;0
580;41;2
580;42;5
580;49;1
580;61;2
580;70;1
580;74;5
580;106;1
580;125;5
580;150;4
581;156;4
582;47;3
583;60;0
583;73;0
583;108;4
583;123;5
583;132;4
584;11;1
584;26;4
584;37;0
584;77;1
584;86;1
584;136;3
585;3;4
585;12;0
585;17;5
585;70;4
585;81;1
585;97;3
585;100;3
585;107;1
586;25;0
587;16;5
587;85;3
587;164;4
588;16;3
588;54;4
588;116;2
588;144;4
589;134;1
589;159;4
590;29;0
590;59;5
590;70;2
590;91;3
590;112;1
590;115;4
590;127;1
590;138;1
590;157;3
591;22;4
591;27;0
591;56;3
591;58;1
591;72;5
591;78;1
591;89;3
591;147;5
591;150;5
591;152;2
591;167;5
591;169;0
592;15;1
592;28;5
592;41;0
592;76;2
592;102;4
592;142;4
593;45;2
593;58;5
594;5;5
594;68;1
594;89;0
594;117;0
594;124;0
595;10;5
595;45;2
595;121;5
595;169;4
596;70;0
596;99;0
596;157;1
597;24;1
597;35;4
597;36;3
597;73;0
597;96;4
597;103;2
597;106;4
598;110;2
598;129;4
598;154;5
599;35;0
599;68;2
599;92;1
599;127;4
600;50;3
600;71;1
600;82;2
600;111;1
600;130;5
600;163;1
601;46;4
601;86;0
601;93;3
601;96;4
601;98;2
601;102;3
602;21;0
602;32;5
602;98;3
602;107;2
602;119;2
602;134;2
602;155;5
603;19;2
603;123;5
603;126;5
604;13;4
604;18;4
604;85;0
604;110;5
604;114;2
605;3;3
605;14;3
605;87;4
605;100;0
605;101;5
605;110;3
605;123;1
605;143;3
605;145;4
605;159;1
606;21;1
606;63;1
606;81;4
606;91;4
606;92;2
606;109;4
607;17;3
607;29;5
607;54;3
607;64;1
607;78;3
607;90;0
607;117;0
607;147;3
608;51;2
608;74;3
608;92;3
609;60;2
609;76;5
609;117;1
609;125;0
609;130;5
610;52;4
610;67;3
610;93;1
610;98;5
610;107;2
610;121;3
611;50;5
611;85;3
612;31;1
612;52;5
612;76;1
612;83;2
612;130;0
612;167;5
613;96;3
614;72;2
614;94;1
614;105;0
614;118;1
615;25;4
615;84;0
615;111;1
616;8;0
616;22;5
616;69;5
616;136;0
616;140;1
617;5;1
617;23;0
617;32;4
617;141;4
618;7;3
618;35;5
618;40;3
618;43;5
618;77;3
618;110;0
619;36;3
619;68;3
619;102;0
619;168;2
620;69;3
620;78;2
620;153;3
621;47;3
621;74;3
621;140;2
621;143;1
621;163;5
621;168;0
622;24;5
622;49;4
623;93;3
623;99;3
624;51;0
624;86;4
624;100;1
625;64;2
625;89;5
626;8;2
626;44;0
626;54;4
626;72;0
626;104;4
626;155;2
626;160;3
627;11;4
627;23;3
627;128;3
628;42;4
628;64;4
628;71;3
628;73;5
628;115;5
628;133;2
628;153;3
628;163;3
629;22;1
629;35;5
629;47;5
629;99;1
629;102;5
629;124;5
630;12;2
630;82;5
630;98;0
630;100;2
630;108;3
630;127;4
631;12;1
631;93;0
631;141;3
632;27;4
632;33;5
632;73;3
632;116;4
633;17;1
633;27;1
633;32;2
633;36;5
633;165;0
633;166;2
634;13;5
634;21;5
634;37;3
634;81;0
635;18;5
635;71;4
636;12;0
636;29;5
637;16;1
637;82;2
638;21;2
638;36;4
638;97;1
638;124;4
638;168;3
639;7;5
639;15;1
639;52;3
639;58;1
639;60;3
639;91;0
639;110;4
639;113;4
639;139;5
640;3;4
640;25;5
640;44;0
640;60;2
640;63;5
640;99;2
641;7;4
641;104;0
641;146;5
642;8;2
642;65;1
643;23;3
643;31;0
643;34;3
643;49;3
643;60;0
643;66;2
643;74;4
643;93;4
643;109;0
643;139;0
643;142;1
643;154;1
644;55;3
644;74;2
644;107;5
646;13;0
646;42;1
646;69;1
646;86;0
646;110;2
646;138;0
647;5;2
647;13;5
647;48;0
647;65;2
647;67;3
647;91;5
647;116;1
649;4;0
649;120;4
649;125;1
649;137;3
650;46;0
650;52;2
650;62;3
650;82;4
650;102;2
650;112;5
650;127;3
650;148;1
650;149;0
651;19;5
651;25;4
651;50;1
651;75;5
651;102;5
651;126;5
651;144;4
651;155;3
652;2;1
652;26;2
652;68;0
652;75;0
652;101;2
653;61;3
653;113;1
653;117;2
653;127;1
654;5;1
654;38;0
654;62;4
655;7;4
655;21;3
655;66;2
655;86;4
655;93;3
655;126;0
655;128;5
655;134;3
655;146;1
656;5;3
656;135;2
656;146;1
656;159;0
656;169;0
657;17;1
657;144;5
658;28;3
658;33;3
658;58;3
658;66;5
658;98;2
658;115;0
658;134;5
659;73;0
659;89;4
659;92;2
659;139;5
659;142;2
659;158;5
660;13;1
660;70;1
660;101;4
660;167;0
661;4;5
661;5;5
661;7;0
661;160;2
662;39;1
662;44;0
662;101;5
663;24;0
663;47;4
663;81;2
663;84;2
663;97;5
663;99;5
663;101;5
663;165;2
664;167;1
665;56;4
665;101;2
665;102;5
666;10;4
666;36;4
666;76;5
666;137;5
666;169;3
666;170;4
667;50;1
667;51;2
667;53;4
667;75;5
667;95;4
667;120;4
667;122;0
668;8;5
668;85;2
668;88;3
668;99;1
668;136;1
668;148;2
669;28;3
669;37;1
670;27;3
670;110;4
670;117;5
670;122;1
670;124;3
671;3;0
671;114;4
671;120;0
672;110;0
672;155;1
672;161;0
672;166;3
672;167;5
672;169;2
673;95;2
673;147;0
674;15;0
674;34;1
674;52;2
674;100;0
674;129;5
675;145;4
676;18;2
676;48;5
676;78;5
676;165;3
677;8;4
677;11;2
677;37;1
677;67;1
677;150;3
678;37;0
678;47;1
678;152;5
678;163;3
679;11;3
679;83;1
679;118;2
679;162;1
679;165;4
679;167;0
680;43;1
680;53;2
681;2;1
681;35;0
681;54;2
681;65;3
681;66;4
681;68;2
681;72;2
681;91;0
681;138;0
681;140;5
682;4;3
682;20;1
682;42;1
682;115;2
682;166;2
683;39;4
683;88;5
683;111;4
683;132;4
683;149;3
684;11;4
684;15;3
684;104;5
685;52;1
685;84;4
685;119;1
685;156;4
686;1;0
686;5;0
686;7;5
686;18;5
686;23;2
686;125;3
686;143;2
687;8;3
687;22;5
687;28;3
687;35;1
687;50;5
687;58;5
687;78;5
687;116;4
688;77;3
688;122;4
688;152;3
688;163;4
689;23;0
689;25;3
689;35;4
689;46;5
689;46;4
689;65;2
689;72;2
689;77;1
689;96;1
689;147;1
689;151;1
689;155;0
690;27;1
690;46;4
690;92;1
690;100;4
690;128;5
691;12;1
691;49;1
691;72;1
691;73;0
691;104;1
691;152;3
692;76;2
692;100;2
693;23;1
693;44;3
693;88;4
693;93;3
694;9;2
694;23;4
694;40;4
694;50;0
694;66;2
694;71;3
694;78;4
694;84;0
694;100;5
694;101;5
694;112;1
694;119;5
694;125;3
694;134;2
694;150;0
695;23;0
695;68;0
695;156;2
696;8;0
696;22;5
696;62;3
696;104;4
696;137;0
696;142;2
696;157;3
696;166;4
697;27;1
697;108;4
698;115;3
698;136;4
698;150;4
698;153;1
699;31;1
699;32;3
699;84;4
699;88;4
699;113;3
699;114;1
699;135;3
699;164;1
700;3;0
700;23;4
700;112;0
700;131;2
700;164;4
701;22;0
701;41;3
701;50;5
701;123;3
702;12;4
702;22;3
702;77;2
702;88;0
702;119;2
702;122;5
702;149;2
703;7;0
703;94;1
703;110;2
703;112;5
704;7;0
704;72;2
704;78;5
704;80;3
704;107;5
705;29;0
705;30;3
705;69;5
705;73;1
705;82;3
705;121;5
705;150;5
705;168;0
706;28;1
706;78;3
706;79;3
706;124;4
707;23;5
707;26;0
707;39;1
707;48;5
707;54;2
707;59;4
707;74;2
707;150;0
707;157;3
708;14;2
708;80;2
708;156;2
708;159;1
708;161;1
709;8;2
709;63;3
710;39;2
710;85;4
710;87;2
710;104;0
710;144;4
711;10;5
711;138;2
711;148;2
712;27;4
712;104;2
712;121;4
713;21;2
713;80;2
713;103;0
713;166;0
714;31;3
714;45;2
714;97;4
715;17;1
715;49;3
715;87;2
715;120;0
716;29;2
716;57;0
716;86;4
716;109;2
716;137;5
716;143;1
716;165;2
717;33;1
717;43;1
717;91;3
717;114;2
717;153;5
717;167;5
718;55;2
718;102;0
718;119;1
718;155;0
719;5;4
719;56;4
719;93;1
720;84;5
720;105;2
720;117;3
720;126;2
720;133;5
721;6;4
721;30;3
721;34;4
721;53;0
721;59;0
721;132;5
721;135;2
721;153;4
722;1;1
722;23;1
722;32;2
722;35;5
722;65;0
722;93;0
722;109;2
722;136;1
722;138;3
722;158;3
723;105;2
723;129;0
723;130;1
723;139;5
723;140;3
723;162;3
724;33;3
724;53;3
724;59;2
724;111;2
724;117;4
725;30;3
726;8;1
726;10;0
726;55;5
726;59;1
726;158;5
726;166;1
727;20;3
727;40;3
727;49;2
727;62;5
727;94;1
727;95;2
727;96;5
727;135;2
727;138;4
727;140;0
727;152;2
727;167;3
727;168;0
728;21;0
728;136;0
728;153;0
728;155;4
729;5;4
729;11;5
729;34;4
729;41;0
729;47;0
729;56;0
729;101;2
729;138;4
730;51;0
730;89;3
730;108;5
731;21;5
732;2;2
732;16;3
732;21;0
732;43;1
732;110;1
732;145;1
733;68;3
733;106;2
734;4;4
734;11;5
734;56;4
734;92;0
734;118;3
735;5;5
735;72;0
735;104;3
735;126;0
735;146;4
736;21;0
736;42;4
736;97;2
736;166;5
737;83;0
737;84;1
737;101;3
737;103;4
737;164;4
738;1;2
738;71;1
738;107;3
738;134;1
738;155;4
738;167;1
738;168;2
739;57;4
739;82;2
739;110;1
739;135;2
739;146;5
740;8;3
740;49;3
740;50;2
740;57;2
740;58;5
740;63;2
740;108;5
740;170;2
741;4;2
741;10;0
741;30;0
741;45;0
741;50;3
741;115;3
741;126;1
742;84;3
743;87;4
743;125;0
743;137;5
743;153;4
743;163;5
744;4;0
744;61;5
744;98;2
744;108;4
744;123;4
744;130;5
744;141;2
745;1;1
745;47;0
745;78;4
745;94;4
745;122;5
745;134;2
746;86;4
746;110;0
746;145;1
746;150;5
747;8;0
747;20;2
747;99;4
747;161;5
748;50;0
748;54;1
748;55;3
748;62;2
748;90;5
748;108;4
748;130;0
748;136;0
748;148;0
749;6;5
749;8;5
749;34;0
749;43;3
749;60;2
749;61;5
749;69;0
749;167;4
750;93;5
750;131;2
751;17;0
751;33;0
751;118;4
751;122;0
752;11;4
752;56;5
752;60;4
752;123;1
753;7;0
753;10;3
753;57;2
753;128;0
753;167;1
754;9;2
754;11;0
754;57;1
754;62;1
754;81;3
754;107;1
754;148;5
755;61;3
755;145;1
756;35;4
756;52;0
756;53;4
756;58;2
756;75;1
756;119;3
756;126;4
756;138;4
757;15;4
757;84;5
757;116;2
757;155;4
758;10;3
758;45;4
758;86;1
758;97;2
758;142;1
759;43;5
759;113;1
759;161;5
760;2;1
760;93;0
760;133;1
760;135;1
760;140;3
760;153;0
761;23;3
761;77;5
761;116;3
761;149;5
762;4;3
762;57;2
762;86;0
762;92;5
762;103;1
763;18;2
763;70;3
763;107;1
763;117;5
763;123;0
763;143;1
763;170;5
764;79;5
764;108;2
764;125;5
765;49;3
765;60;4
766;13;1
766;65;4
766;152;2
766;167;4
767;41;3
767;46;3
767;68;0
767;77;5
767;86;0
767;100;1
767;119;0
767;151;0
768;66;3
768;71;3
768;76;2
769;73;4
769;77;3
769;86;2
769;101;3
769;139;0
770;20;4
770;63;0
770;68;2
770;79;0
770;130;2
770;147;4
770;152;0
771;77;4
771;82;3
771;133;0
771;136;2
772;4;0
772;14;3
772;109;3
772;119;4
772;137;5
772;151;2
772;162;1
773;5;0
773;46;5
773;99;1
773;169;1
774;27;5
774;28;1
774;68;4
774;101;3
774;122;3
774;164;2
775;46;4
775;108;5
775;114;0
775;140;5
775;141;4
775;144;2
776;43;5
776;71;2
777;36;3
777;107;5
778;11;3
778;21;5
778;94;4
779;25;2
779;47;5
779;49;3
779;83;0
779;84;0
779;137;4
780;29;2
780;108;2
780;121;5
780;130;0
780;143;4
780;150;1
780;151;3
780;161;4
781;64;1
781;88;3
781;121;3
781;123;2
782;84;5
782;157;0
783;24;5
783;132;2
783;143;5
783;154;5
784;51;4
784;87;3
784;100;0
784;133;0
784;157;5
785;39;5
785;44;2
785;116;3
786;11;1
786;32;5
786;48;2
786;68;5
786;97;1
787;19;2
787;41;4
787;112;0
787;131;0
787;140;4
787;163;0
787;170;4
788;9;3
788;39;5
788;57;2
788;78;4
788;114;5
788;116;4
788;135;3
788;142;4
789;93;2
789;119;1
789;128;1
790;2;1
790;42;1
790;108;5
790;150;3
790;153;4
791;3;5
791;51;5
791;56;1
791;60;1
791;79;2
791;93;4
791;94;3
791;156;5
792;140;1
793;24;0
793;69;2
793;99;0
793;109;2
793;134;2
793;153;5
794;38;3
794;83;2
794;117;5
794;160;0
795;18;1
795;74;1
795;92;4
795;110;2
795;130;3
795;152;3
795;156;0
795;157;2
796;37;4
796;47;5
796;79;2
796;100;2
796;110;3
796;112;4
796;134;0
796;142;5
797;31;4
797;124;2
799;20;5
799;148;2
801;25;0
801;71;4
801;135;5
802;3;0
802;8;5
802;35;3
802;40;2
802;123;4
802;126;1
803;6;2
803;95;5
803;110;2
803;127;0
804;7;3
804;39;0
804;134;0
804;164;3
805;129;2
805;155;1
806;37;5
806;86;4
806;120;2
807;31;4
807;81;5
807;93;1
807;104;5
807;124;3
807;156;1
808;52;2
808;83;2
808;86;1
808;104;3
808;156;0
809;4;1
809;8;0
809;25;3
809;31;4
809;81;0
810;21;3
810;25;0
810;32;1
810;33;0
810;62;4
810;110;5
810;113;4
810;150;3
810;155;1
811;61;5
811;80;2
811;83;0
811;95;5
811;98;5
811;157;5
812;11;0
812;26;4
812;41;3
812;81;2
812;135;2
812;140;4
812;153;3
813;1;2
813;168;0
814;4;4
814;123;1
814;132;2
814;149;5
814;167;4
815;52;2
815;56;4
815;58;0
815;94;0
815;147;1
815;162;2
816;26;3
816;53;4
816;99;5
816;148;2
817;17;2
817;51;3
817;77;2
817;85;1
817;104;0
817;125;5
817;134;5
818;9;4
818;32;5
818;45;2
818;54;0
818;138;3
818;167;0
819;55;5
819;71;5
819;92;2
819;95;2
819;113;1
820;6;0
820;11;5
820;15;5
820;27;2
820;33;4
820;66;5
820;130;2
820;131;0
820;136;1
821;6;0
821;10;0
821;74;0
821;76;4
821;116;5
822;17;5
822;79;1
822;139;4
823;13;1
823;22;0
823;38;4
823;43;4
823;69;3
823;118;4
823;135;0
823;142;4
823;145;3
824;40;1
824;101;2
824;145;4
824;157;4
825;5;4
825;11;0
825;62;3
825;99;2
825;159;1
825;162;1
826;7;3
826;60;2
826;63;2
826;86;0
826;98;2
826;102;0
827;75;3
827;86;2
827;98;4
827;148;4
828;34;5
828;85;5
828;127;5
828;137;4
828;144;3
829;16;1
829;105;3
829;111;5
829;128;2
829;169;4
830;9;0
830;109;1
831;2;2
831;48;4
831;125;0
831;134;0
832;29;2
832;92;0
832;100;3
832;125;0
832;169;5
833;10;2
833;34;4
833;46;2
833;67;1
833;82;5
833;131;2
834;2;5
834;4;2
834;15;0
834;52;0
834;53;5
834;54;3
834;68;0
834;124;5
834;144;4
834;163;2
835;4;5
835;10;3
835;22;1
835;32;0
835;66;5
835;135;0
836;12;4
836;117;5
836;139;0
836;156;3
837;20;4
837;63;3
837;81;0
837;96;2
837;121;0
837;156;3
838;36;0
838;152;2
839;39;1
839;45;4
839;49;0
839;54;0
839;120;1
839;141;1
840;51;2
840;79;5
840;90;3
840;102;5
841;119;2
841;146;3
841;151;4
842;32;5
842;40;5
842;112;3
842;127;2
842;161;0
843;83;1
843;91;3
843;117;1
844;32;4
844;100;4
844;102;5
844;149;4
845;25;0
845;69;0
845;135;2
845;163;4
845;170;5
846;100;1
846;103;4
846;169;0
847;59;2
847;105;3
848;23;2
848;34;4
849;5;4
849;39;0
849;41;3
849;100;4
849;129;0
849;135;1
850;81;2
850;131;0
851;77;3
851;100;1
851;134;4
851;151;0
852;89;4
852;92;2
852;138;5
853;51;1
853;119;4
853;133;5
854;79;2
854;93;5
854;100;5
854;101;3
854;156;3
855;47;0
855;60;0
855;113;1
855;118;2
856;12;2
856;41;4
856;42;1
856;60;1
856;64;0
856;78;4
856;89;1
856;95;1
856;116;2
856;125;5
856;128;2
857;87;1
857;95;0
857;99;1
857;126;1
858;79;3
858;93;3
858;148;2
858;170;5
859;24;5
859;84;0
859;105;5
859;160;1
860;15;5
860;25;3
860;54;0
860;91;0
860;108;3
861;22;3
861;40;3
861;65;3
861;72;0
861;132;5
861;139;3
861;149;4
862;11;3
862;24;1
862;48;2
862;167;5
863;28;1
863;71;0
863;80;1
863;96;5
863;113;5
864;15;1
864;44;3
864;113;3
865;27;1
865;88;1
865;133;0
865;134;5
866;41;3
866;52;1
866;91;2
866;115;0
866;120;0
866;148;4
866;153;2
867;69;0
867;87;1
867;146;0
868;12;2
868;18;5
868;65;4
868;68;1
868;97;4
868;114;0
869;5;4
869;7;2
869;50;0
869;69;1
869;93;3
869;103;4
869;127;0
870;145;1
870;166;1
871;14;2
871;16;2
871;25;1
871;44;2
871;75;1
871;99;4
871;107;4
871;110;0
871;167;5
872;17;0
872;45;3
872;51;1
872;52;3
872;95;1
873;36;5
873;170;1
874;81;3
874;139;2
874;150;5
875;1;4
875;95;3
875;117;4
875;123;1
876;31;2
876;111;1
876;130;0
876;140;5
877;45;1
877;47;1
877;73;0
877;78;3
877;108;5
877;116;2
877;164;5
878;6;3
878;13;2
878;20;0
878;62;2
878;67;1
878;87;5
878;122;1
878;154;4
879;53;5
879;141;4
880;53;4
880;77;0
880;78;0
880;112;5
880;146;1
881;8;4
881;27;4
881;72;5
881;92;4
881;112;3
881;128;0
882;3;3
882;12;0
882;48;4
882;54;2
882;61;0
882;93;2
883;25;0
883;50;5
883;64;2
883;79;1
883;125;0
883;146;3
884;5;1
884;7;0
884;111;4
884;139;5
884;141;5
885;17;3
885;46;0
885;70;0
885;100;3
885;114;2
886;24;4
886;40;5
886;75;4
886;123;3
886;130;1
886;133;3
886;170;4
887;27;3
887;48;4
887;76;1
887;141;5
888;28;0
889;10;2
889;87;4
889;133;4
889;156;2
889;158;3
889;162;3
890;4;1
890;23;4
890;55;3
890;109;2
890;119;2
890;164;1
891;51;2
891;61;0
891;121;0
891;154;4
892;10;2
892;14;4
892;29;2
892;30;2
892;34;5
892;59;0
892;74;1
892;78;0
892;88;3
892;90;4
892;94;0
892;100;1
892;109;4
892;129;5
892;161;2
892;162;2
892;169;2
892;170;3
893;47;1
893;97;1
893;113;1
893;128;0
894;68;0
894;84;1
895;130;2
895;140;3
895;147;0
896;14;0
896;23;0
896;140;1
896;160;5
897;5;3
897;98;4
897;104;4
897;124;2
897;151;2
897;156;5
898;25;0
898;28;0
898;73;3
898;75;0
898;89;5
898;133;0
898;139;1
899;78;1
899;85;3
899;150;4
900;5;5
900;36;1
900;66;1
900;103;4
900;168;1
901;19;0
901;103;4
901;104;1
901;147;5
902;7;2
902;25;4
902;39;0
902;40;2
902;67;2
902;125;3
902;158;5
903;29;1
903;42;4
903;47;4
903;90;1
903;100;1
903;105;1
903;160;5
904;26;5
904;83;2
904;102;2
905;132;4
905;156;1
906;26;5
906;29;3
906;57;0
906;142;0
906;152;0
907;93;1
907;122;0
907;134;4
907;151;0
908;21;2
908;32;4
908;36;3
908;41;1
908;124;1
908;156;4
909;12;4
909;45;1
909;123;0
909;162;1
910;66;5
910;80;0
910;162;1
911;52;0
911;56;1
911;63;0
911;78;1
911;97;3
911;129;5
911;165;4
911;166;0
912;16;1
912;59;5
912;101;0
913;35;1
913;50;5
913;65;0
913;96;0
913;137;3
913;154;3
914;10;3
914;20;2
914;40;4
914;68;3
914;131;5
915;64;1
915;87;0
915;90;1
915;101;0
915;126;4
915;137;0
915;153;3
915;157;4
916;76;0
916;131;2
917;33;4
917;38;2
917;82;0
917;85;2
917;106;3
917;117;3
917;162;5
918;52;0
918;60;4
918;94;5
918;119;0
918;120;4
919;25;0
919;69;2
919;144;1
919;151;4
920;4;2
920;25;2
920;51;4
920;80;2
920;100;3
920;144;2
921;119;4
922;19;4
922;20;2
922;54;5
922;100;4
923;28;4
923;82;3
923;111;4
923;113;3
924;77;5
924;100;3
924;123;3
924;154;1
924;161;3
924;162;5
925;10;5
925;61;5
925;72;4
925;114;3
925;125;1
925;128;1
925;157;5
926;5;1
927;22;4
927;79;3
927;91;3
927;117;2
927;122;1
927;125;0
927;134;2
927;161;5
927;164;2
928;23;4
928;64;2
928;150;1
928;160;4
929;23;4
929;31;4
929;34;0
929;71;2
929;83;4
929;118;4
929;149;1
930;56;2
930;64;3
930;112;1
930;154;1
930;162;5
931;51;1
931;56;5
931;80;0
931;89;0
931;152;0
932;3;3
932;4;2
932;129;0
933;38;5
933;52;5
933;76;0
933;132;4
933;134;0
933;144;2
934;81;0
934;84;1
934;117;3
934;120;3
934;169;5
935;9;4
935;62;3
935;78;5
935;109;5
935;122;1
935;130;5
935;158;1
935;170;1
936;101;5
937;50;4
937;108;4
937;111;5
937;115;4
937;123;2
938;18;4
938;42;4
938;73;0
938;88;4
938;89;2
938;109;2
938;165;0
939;67;5
939;86;1
939;119;1
939;144;0
939;167;5
940;22;3
940;35;3
940;37;1
940;42;3
940;53;4
940;55;5
940;131;5
940;157;0
940;161;0
940;162;5
940;169;1
941;5;1
941;39;3
941;43;4
941;102;0
941;103;2
941;110;0
942;3;1
942;61;0
942;65;0
942;70;4
942;71;0
942;78;1
942;94;4
942;135;3
942;163;2
943;25;3
943;32;3
943;34;3
943;79;3
943;81;0
943;88;2
943;116;1
944;27;4
944;52;4
944;76;2
944;87;2
944;103;1
944;123;1
944;149;3
944;170;0
945;25;4
945;44;0
945;51;2
945;62;4
945;90;1
945;94;2
946;6;0
946;38;4
946;82;2
946;100;5
946;119;2
946;121;2
946;127;5
946;134;0
946;158;5
947;2;2
947;8;5
947;24;3
947;62;3
947;66;3
947;88;5
948;8;3
948;35;1
948;87;3
948;157;2
949;41;3
949;45;5
949;62;1
949;133;1
949;146;5
949;154;3
949;169;3
950;21;1
951;20;1
951;65;5
951;71;5
951;83;2
951;94;0
952;42;0
952;56;0
952;76;3
952;83;5
952;138;5
953;42;1
953;86;2
953;111;4
953;115;0
953;119;2
953;159;2
954;12;3
954;36;4
954;98;2
954;134;1
955;36;3
955;56;0
955;76;1
955;105;1
955;139;0
956;89;1
956;93;3
956;168;3
957;70;1
957;79;3
957;123;4
957;149;1
958;5;1
958;45;1
958;82;3
958;121;5
959;23;0
959;62;5
959;67;1
959;84;4
959;106;3
959;119;5
959;128;3
960;17;1
960;80;1
960;135;2
961;19;3
961;23;5
961;62;4
961;63;4
961;157;3
962;12;5
962;93;1
962;132;1
963;12;4
963;20;4
963;27;1
963;43;3
963;45;2
963;95;1
963;101;3
963;114;3
963;132;2
964;21;3
964;122;1
964;143;4
964;155;5
964;158;1
965;21;2
965;34;1
965;66;4
965;133;1
965;168;4
966;61;1
966;139;2
966;166;3
967;32;5
967;55;0
967;97;3
967;161;2
968;20;1
968;52;4
968;54;0
968;57;1
968;128;0
968;157;3
968;163;2
969;106;3
969;126;0
969;164;5
970;47;1
970;121;0
971;25;4
971;26;5
971;29;5
971;46;2
971;89;0
972;1;2
972;22;4
972;25;5
972;26;2
972;72;3
972;102;2
972;125;2
973;90;0
973;105;2
973;145;0
973;156;4
974;44;0
974;52;4
974;71;1
974;72;5
974;116;2
974;159;2
974;163;4
975;24;1
975;45;4
975;61;3
975;71;3
975;83;0
975;99;2
975;148;2
976;6;2
976;133;3
976;135;4
977;4;4
977;21;4
977;87;5
977;117;4
977;128;1
978;12;1
978;17;4
978;34;3
978;149;4
978;168;0
979;21;0
979;44;3
979;76;2
979;149;2
979;158;4
979;162;1
980;49;4
980;118;5
980;145;2
980;164;4
981;30;4
981;52;3
981;61;0
981;88;3
981;92;0
981;125;4
982;1;1
982;17;1
982;25;4
982;97;5
982;117;1
982;168;3
983;18;1
983;82;0
984;43;1
984;150;0
985;5;5
985;50;2
985;62;5
985;85;3
985;96;0
986;37;1
986;38;5
986;129;2
987;15;2
987;85;0
987;144;3
988;1;2
988;26;1
988;94;2
989;12;4
989;17;3
989;39;0
989;152;5
990;10;1
990;35;3
990;39;5
990;117;4
990;142;0
990;166;5
991;33;5
991;49;0
991;52;0
991;56;1
991;105;2
991;140;0
991;143;4
991;153;1
992;9;3
992;11;0
992;36;4
992;40;4
992;69;3
993;22;1
993;36;5
993;41;5
993;51;0
993;69;5
993;72;2
993;77;4
993;88;4
993;128;2
993;157;0
994;20;4
994;83;0
994;108;3
994;137;2
994;162;5
995;74;2
995;93;5
995;103;2
995;150;5
995;169;2
996;64;0
996;83;0
996;98;0
996;116;2
997;25;5
997;41;2
997;93;1
997;122;1
997;125;2
997;139;3
998;1;4
998;42;0
998;48;5
998;60;5
998;61;1
998;78;0
998;103;0
998;143;1
999;29;2
999;129;1
999;134;3
999;150;3
999;154;2
1000;5;3
1000;68;1
1000;109;0
1000;122;0
1000;151;0
1000;154;5
1000;156;4
1000;164;3
